{"cameraMode":{"drawMode":0,"name":"Shaded","section":"Shading Mode"},"sceneLighting":true,"audioPlay":false,"sceneViewState":{"showFog":true,"showMaterialUpdate":false,"showSkybox":true,"showFlares":true,"showImageEffects":true,"showParticleSystems":true},"in2DMode":false,"pivot":{"x":31.85285758972168,"y":0.5217156410217285,"z":51.61647415161133},"rotation":{"x":0.019602341577410699,"y":0.901840329170227,"z":0.04115648940205574,"w":-0.4296579360961914},"size":7.429632663726807,"orthographic":true}