{"cameraMode":{"drawMode":0,"name":"Shaded","section":"Shading Mode"},"sceneLighting":true,"audioPlay":false,"sceneViewState":{"showFog":true,"showMaterialUpdate":false,"showSkybox":true,"showFlares":true,"showImageEffects":true,"showParticleSystems":true},"in2DMode":false,"pivot":{"x":-0.2697191834449768,"y":-0.012308740057051182,"z":5.87422513961792},"rotation":{"x":-0.04857556149363518,"y":0.7306432127952576,"z":-0.052243903279304507,"w":-0.6790225505828857},"size":1.8033427000045777,"orthographic":true}