{"cameraMode":{"drawMode":0,"name":"Shaded","section":"Shading Mode"},"sceneLighting":false,"audioPlay":false,"sceneViewState":{"showFog":true,"showMaterialUpdate":false,"showSkybox":true,"showFlares":true,"showImageEffects":true,"showParticleSystems":true},"in2DMode":false,"pivot":{"x":-0.002439450938254595,"y":-0.01874781958758831,"z":8.495246887207032},"rotation":{"x":0.309537798166275,"y":0.6165078282356262,"z":-0.2871585190296173,"w":0.6645633578300476},"size":0.960841953754425,"orthographic":true}