{"cameraMode":{"drawMode":0,"name":"Shaded","section":"Shading Mode"},"sceneLighting":true,"audioPlay":false,"sceneViewState":{"showFog":true,"showMaterialUpdate":false,"showSkybox":true,"showFlares":true,"showImageEffects":true,"showParticleSystems":true},"in2DMode":false,"pivot":{"x":32.46990966796875,"y":0.5217156410217285,"z":51.89651870727539},"rotation":{"x":0.02810641936957836,"y":0.909363865852356,"z":-0.062297772616147998,"w":0.410349041223526},"size":17.8198184967041,"orthographic":true}