{"cameraMode":{"drawMode":0,"name":"Shaded","section":"Shading Mode"},"sceneLighting":false,"audioPlay":false,"sceneViewState":{"showFog":true,"showMaterialUpdate":false,"showSkybox":true,"showFlares":true,"showImageEffects":true,"showParticleSystems":true},"in2DMode":false,"pivot":{"x":-0.00032490555895492435,"y":0.002919892081990838,"z":8.700843811035157},"rotation":{"x":0.003580394433811307,"y":-0.10927911102771759,"z":-0.0003948587109334767,"w":-0.9940046072006226},"size":0.8065385222434998,"orthographic":true}