{"cameraMode":{"drawMode":0,"name":"Shaded","section":"Shading Mode"},"sceneLighting":false,"audioPlay":false,"sceneViewState":{"showFog":true,"showMaterialUpdate":false,"showSkybox":true,"showFlares":true,"showImageEffects":true,"showParticleSystems":true},"in2DMode":false,"pivot":{"x":-5.441220760345459,"y":4.417326927185059,"z":-0.18356609344482423},"rotation":{"x":0.0016819307347759605,"y":0.71133953332901,"z":-0.0017091502668336034,"w":0.702844500541687},"size":33.88589859008789,"orthographic":true}