{"cameraMode":{"drawMode":0,"name":"Shaded","section":"Shading Mode"},"sceneLighting":true,"audioPlay":false,"sceneViewState":{"showFog":true,"showMaterialUpdate":false,"showSkybox":true,"showFlares":true,"showImageEffects":true,"showParticleSystems":true},"in2DMode":false,"pivot":{"x":31.60693359375,"y":0.54083251953125,"z":51.7845458984375},"rotation":{"x":-0.06493040174245835,"y":0.11320023238658905,"z":-0.0074082352221012119,"w":-0.9914206266403198},"size":3.0976431369781496,"orthographic":true}