{"cameraMode":{"drawMode":0,"name":"Shaded","section":"Shading Mode"},"sceneLighting":true,"audioPlay":false,"sceneViewState":{"showFog":true,"showMaterialUpdate":false,"showSkybox":true,"showFlares":true,"showImageEffects":true,"showParticleSystems":true},"in2DMode":false,"pivot":{"x":-1.2193812131881714,"y":5.22312068939209,"z":2.212360382080078},"rotation":{"x":-0.03790798783302307,"y":-0.8515691161155701,"z":0.06219075620174408,"w":-0.5191584229469299},"size":17.819812774658204,"orthographic":true}